Column_Timestamp,Column_22_23,Col1292,Col1293,Column_labels
1679050325,1036288,32,32384,1
1679053325,1060864,32,33152,1
1679056325,1101824,32,34432,1
1679059325,1110016,32,34688,1
1679062325,1126400,32,35200,1
1679065325,1126400,32,35200,1
1679068325,1126400,32,35200,1
1679071325,1126400,32,35200,1
1679074325,1126400,32,35200,1
1679077325,1126400,32,35200,1
1679080325,1126400,32,35200,1
1679083325,1130496,32,35328,1
1679086325,1142784,32,35712,1
1679089325,1142784,32,35712,1
1679092325,1146880,32,35840,1
1679095325,1146880,32,35840,1
1679098325,1146880,32,35840,1
1679101325,1146880,32,35840,1
1679104325,1146880,32,35840,1
1679107325,1146880,32,35840,1
1679110325,1146880,32,35840,1
1679113325,1146880,32,35840,1
1679116325,1146880,32,35840,1
1679119325,1155072,32,36096,1
1679122325,1155072,32,36096,1
1679125325,1155072,32,36096,1
1679128325,1155072,32,36096,1
1679131325,1045664,32,32677,1
1679134325,932672,32,29146,1
1679137325,941632,32,29426,1
1679140325,945696,32,29553,1
1679143325,945696,32,29553,1
1679146325,958464,32,29952,1
1679149325,958464,32,29952,1
1679152325,962560,32,30080,1
1679155325,970752,32,30336,1
1679158325,983040,32,30720,1
1679161325,1024000,32,32000,1
1679164325,1056768,32,33024,1
1679167325,1056768,32,33024,1
1679170325,1056768,32,33024,1
1679173325,1060864,32,33152,1
1679176325,1069056,32,33408,1
1679179325,1077248,32,33664,1
1679182325,1077248,32,33664,1
1679185325,1077248,32,33664,1
1679188325,1077248,32,33664,1
1679191325,1077248,32,33664,1
1679194325,1077248,32,33664,1
1679197325,1077248,32,33664,1
1679200325,1077248,32,33664,1
1679203325,1077248,32,33664,1
1679206325,1077248,32,33664,1
1679209325,1077248,32,33664,1
1679212325,1077248,32,33664,1
1679215325,1081344,32,33792,1
1679218325,1085440,32,33920,1
1679221325,1085440,32,33920,1
1679224325,1085440,32,33920,1
1679227325,976960,32,30530,1
1679230325,993280,32,31040,1
1679233325,997312,32,31166,1
1679236325,998848,32,31214,1
1679239325,1003520,32,31360,1
1679242325,1007616,32,31488,1
1679245325,1011712,32,31616,1
1679248325,1052672,32,32896,1
1679251325,1060864,32,33152,1
1679254325,1060864,32,33152,1
1679257325,1089536,32,34048,1
1679260325,1097728,32,34304,1
1679263325,1097728,32,34304,1
1679266325,1101824,32,34432,1
1679269325,1130496,32,35328,1
1679272325,1130496,32,35328,1
1679275325,1130496,32,35328,1
1679278325,1130496,32,35328,1
1679281325,1130496,32,35328,1
1679284325,1130496,32,35328,1
1679287325,1130496,32,35328,1
1679290325,1130496,32,35328,1
1679293325,1130496,32,35328,1
1679296325,1130496,32,35328,1
1679299325,1130496,32,35328,1
1679302325,1130496,32,35328,1
1679305325,1142784,32,35712,1
1679308325,1155072,32,36096,1
1679311325,1183744,32,36992,1
1679314325,1191936,32,37248,1
1679317325,1200128,32,37504,1
1679320325,1204224,32,37632,1
1679323325,1208320,32,37760,1
1679326325,1208320,32,37760,1
1679329325,1220608,32,38144,1
1679332325,1232896,32,38528,1
1679335325,1232896,32,38528,1
1679338325,1232896,32,38528,1
1679341325,1232896,32,38528,1
1679344325,1232896,32,38528,1
1679347325,1241088,32,38784,1
1679350325,1241088,32,38784,1
1679353325,1241088,32,38784,1
1679356325,1241088,32,38784,1
1679359325,1241088,32,38784,1
1679362325,1241088,32,38784,1
1679365325,1241088,32,38784,1
1679368325,1241088,32,38784,1
1679371325,1241088,32,38784,1
1679374325,1241088,32,38784,1
1679377325,1241088,32,38784,1
1679380325,1241088,32,38784,1
1679383325,1241088,32,38784,1
1679386325,1241088,32,38784,1
1679389325,1241088,32,38784,1
1679392325,1241088,32,38784,1
1679395325,1241088,32,38784,1
1679398325,1241088,32,38784,1
1679401325,1241088,32,38784,1
1679404325,1245184,32,38912,1
1679407325,1245184,32,38912,1
1679410325,1249280,32,39040,1
1679413325,1253376,32,39168,1
1679416325,1261568,32,39424,1
1679419325,1265664,32,39552,1
1679422325,1269760,32,39680,1
1679425325,1282048,32,40064,1
1679428325,1282048,32,40064,1
1679431325,1282048,32,40064,1
1679434325,1286144,32,40192,1
1679437325,1286144,32,40192,1
1679440325,1286144,32,40192,1
1679443325,1286144,32,40192,1
1679446325,1286144,32,40192,1
1679449325,1286144,32,40192,1
1679452325,1286144,32,40192,1
1679455325,1286144,32,40192,1
1679458325,1286144,32,40192,1
1679461325,1286144,32,40192,1
1679464325,1286144,32,40192,1
1679467325,1286144,32,40192,1
1679470325,1286144,32,40192,1
1679473325,1286144,32,40192,1
1679476325,1286144,32,40192,1
1679479325,1286144,32,40192,1
1679482325,1286144,32,40192,1
1679485325,1286144,32,40192,1
1679488325,1286144,32,40192,1
1679491325,1290240,32,40320,1
1679494325,1298432,32,40576,1
1679497325,1180480,32,36890,1
1679500325,1191936,32,37248,1
1679503325,1323008,32,41344,1
1679506325,1339392,32,41856,1
1679509325,1347584,32,42112,1
1679512325,1347584,32,42112,1
1679515325,1359872,32,42496,1
1679518325,1359872,32,42496,1
1679521325,1363968,32,42624,1
1679524325,1363968,32,42624,1
1679527325,1363968,32,42624,1
1679530325,1363968,32,42624,1
1679533325,1363968,32,42624,1
1679536325,1363968,32,42624,1
1679539325,1363968,32,42624,1
1679542325,1363968,32,42624,1
1679545325,1363968,32,42624,1
1679548325,1363968,32,42624,1
1679551325,1363968,32,42624,1
1679554325,1368064,32,42752,1
1679557325,1368064,32,42752,1
1679560325,1260320,32,39385,1
1679563325,1269760,32,39680,1
1679566325,1280384,32,40012,1
1679569325,1280384,32,40012,1
1679572325,1282048,32,40064,1
1679575325,1286144,32,40192,1
1679578325,1286144,32,40192,1
1679581325,1286144,32,40192,1
1679584325,1315936,32,41123,1
1679587325,1315936,32,41123,1
1679590325,1317984,32,41187,1
1679593325,1319392,32,41231,1
1679596325,1319392,32,41231,1
1679599325,1321568,32,41299,1
1679602325,1323648,32,41364,1
1679605325,1326912,32,41466,1
1679608325,1327104,32,41472,1
1679611325,1327104,32,41472,1
1679614325,1327744,32,41492,1
1679617325,1327744,32,41492,1
1679620325,1328064,32,41502,1
1679623325,1328064,32,41502,1
1679626325,1337632,32,41801,1
1679629325,1341536,32,41923,1
1679632325,1344384,32,42012,1
1679635325,1349728,32,42179,1
1679638325,1379264,32,43102,1
1679641325,1382336,32,43198,1
1679644325,1385152,32,43286,1
1679647325,1394144,32,43567,1
1679650325,1397824,32,43682,1
1679653325,1397824,32,43682,1
1679656325,1397824,32,43682,1
1679659325,1404416,32,43888,1
1679662325,1423936,32,44498,1
1679665325,1434656,32,44833,1
1679668325,1443488,32,45109,1
1679671325,1315264,32,41102,1
1679674325,1341184,32,41912,1
1679677325,1354272,32,42321,1
1679680325,1365696,32,42678,1
1679683325,1373696,32,42928,1
1679686325,1376160,32,43005,1
1679689325,1380512,32,43141,1
1679692325,1382816,32,43213,1
1679695325,1382816,32,43213,1
1679698325,1382816,32,43213,1
1679701325,1399296,32,43728,1
1679704325,1402112,32,43816,1
1679707325,1402112,32,43816,1
1679710325,1402112,32,43816,1
1679713325,1402112,32,43816,1
1679716325,1402112,32,43816,1
1679719325,1402112,32,43816,1
1679722325,1402112,32,43816,1
1679725325,1402112,32,43816,1
1679728325,1402112,32,43816,1
1679731325,1402112,32,43816,1
1679734325,1402112,32,43816,1
1679737325,1402112,32,43816,1
1679740325,1402112,32,43816,1
1679743325,1403488,32,43859,1
1679746325,1407136,32,43973,1
1679749325,1419712,32,44366,1
1679752325,1421568,32,44424,1
1679755325,1422752,32,44461,1
1679758325,1430624,32,44707,1
1679761325,1430624,32,44707,1
1679764325,1430624,32,44707,1
1679767325,1430624,32,44707,1
1679770325,1432608,32,44769,1
1679773325,1433376,32,44793,1
1679776325,1433376,32,44793,1
1679779325,1433664,32,44802,1
1679782325,1435712,32,44866,1
1679785325,1435936,32,44873,1
1679788325,1436768,32,44899,1
1679791325,1437152,32,44911,1
1679794325,1438176,32,44943,1
1679797325,1438176,32,44943,1
1679800325,1438176,32,44943,1
1679803325,1439456,32,44983,1
1679806325,1439712,32,44991,1
1679809325,1445824,32,45182,1
1679812325,1510272,32,47196,1
1679815325,1513600,32,47300,1
1679818325,1517856,32,47433,1
1679821325,1518912,32,47466,1
1679824325,1519456,32,47483,1
1679827325,1519872,32,47496,1
1679830325,1520096,32,47503,1
1679833325,1520736,32,47523,1
1679836325,1521376,32,47543,1
1679839325,1523360,32,47605,1
1679842325,1526240,32,47695,1
1679845325,1536128,32,48004,1
1679848325,1544832,32,48276,0
1679851325,1544832,32,48276,1
1679854325,1544832,32,48276,1
1679857325,1544832,32,48276,1
1679860325,1544832,32,48276,1
1679863325,1544832,32,48276,1
1679866325,1544832,32,48276,1
1679869325,1544832,32,48276,1
1679872325,1544832,32,48276,1
1679875325,1544832,32,48276,1
1679878325,1544832,32,48276,1
1679881325,1546656,32,48333,1
1679884325,1547776,32,48368,1
1679887325,1550432,32,48451,1
1679890325,1553472,32,48546,1
1679893325,1554080,32,48565,1
1679896325,1554272,32,48571,1
1679899325,1554592,32,48581,1
1679902325,1554912,32,48591,1
1679905325,1555232,32,48601,1
1679908325,1555840,32,48620,1
1679911325,1557600,32,48675,1
1679914325,1557728,32,48679,1
1679917325,1433664,32,44802,1
1679920325,1436704,32,44897,1
1679923325,1439744,32,44992,1
1679926325,1445856,32,45183,1
1679929325,1474144,32,46067,1
1679932325,1474144,32,46067,1
1679935325,1474144,32,46067,1
1679938325,1474144,32,46067,1
1679941325,1474144,32,46067,1
1679944325,1478368,32,46199,1
1679947325,1481600,32,46300,1
1679950325,1481760,32,46305,1
1679953325,1481920,32,46310,1
1679956325,1482080,32,46315,1
1679959325,1482240,32,46320,1
1679962325,1482400,32,46325,1
1679965325,1482560,32,46330,1
1679968325,1482720,32,46335,1
1679971325,1482880,32,46340,1
1679974325,1483040,32,46345,1
1679977325,1483200,32,46350,1
1679980325,1483360,32,46355,1
1679983325,1483520,32,46360,1
1679986325,1483680,32,46365,1
1679989325,1483840,32,46370,1
1679992325,1484000,32,46375,1
1679995325,1485504,32,46422,1
1679998325,1489024,32,46532,1
1680001325,1492544,32,46642,1
1680004325,1495296,32,46728,1
1680007325,1495296,32,46728,1
1680010325,1495296,32,46728,1
1680013325,1495296,32,46728,1
1680016325,1495296,32,46728,1
1680019325,1495296,32,46728,1
1680022325,1495296,32,46728,1
1680025325,1495296,32,46728,1
1680028325,1495296,32,46728,1
1680031325,1495296,32,46728,1
1680034325,1495296,32,46728,1
1680037325,1495296,32,46728,1
1680040325,1496256,32,46758,1
1680043325,1498656,32,46833,1
1680046325,1501056,32,46908,1
1680049325,1503328,32,46979,1
1680052325,1503456,32,46983,1
1680055325,1503456,32,46983,1
1680058325,1514560,32,47330,1
1680061325,1515680,32,47365,1
1680064325,1516800,32,47400,1
1680067325,1517920,32,47435,1
1680070325,1519040,32,47470,1
1680073325,1520160,32,47505,1
1680076325,1521280,32,47540,1
1680079325,1522400,32,47575,1
1680082325,1523520,32,47610,1
1680085325,1524640,32,47645,1
1680088325,1525760,32,47680,1
1680091325,1526880,32,47715,1
1680094325,1528000,32,47750,1
1680097325,1529120,32,47785,1
1680100325,1530240,32,47820,1
1680103325,1531360,32,47855,1
1680106325,1532192,32,47881,1
1680109325,1532192,32,47881,1
1680112325,1532192,32,47881,1
1680115325,1532192,32,47881,1
1680118325,1532192,32,47881,1
1680121325,1532192,32,47881,1
1680124325,1532192,32,47881,1
1680127325,1532544,32,47892,1
1680130325,1535712,32,47991,1
1680133325,1540352,32,48136,1
1680136325,1544992,32,48281,1
1680139325,1551744,32,48492,1
1680142325,1552000,32,48500,1
1680145325,1552320,32,48510,1
1680148325,1552640,32,48520,1
1680151325,1553088,32,48534,1
1680154325,1553568,32,48549,1
1680157325,1553696,32,48553,1
1680160325,1554016,32,48563,1
1680163325,1554336,32,48573,1
1680166325,1554656,32,48583,1
1680169325,1554976,32,48593,1
1680172325,1571488,32,49109,0
1680175325,1573664,32,49177,1
1680178325,1584704,32,49522,0
1680181325,1602592,32,50081,0
1680184325,1603712,32,50116,1
1680187325,1604832,32,50151,1
1680190325,1605952,32,50186,1
1680193325,1607072,32,50221,1
1680196325,1618944,32,50592,0
1680199325,1624384,32,50762,1
1680202325,1635264,32,51102,0
1680205325,1638784,32,51212,1
1680208325,1641184,32,51287,1
1680211325,1643584,32,51362,1
1680214325,1648224,32,51507,1
1680217325,1661184,32,51912,0
1680220325,1665504,32,52047,1
1680223325,1670784,32,52212,1
1680226325,1510176,32,47193,1
1680229325,1510176,32,47193,1
1680232325,1510176,32,47193,1
1680235325,1564512,32,48891,0
1680238325,1597152,32,49911,0
1680241325,1599840,32,49995,1
1680244325,1603200,32,50100,1
1680247325,1605952,32,50186,1
1680250325,1608832,32,50276,1
1680253325,1621952,32,50686,0
1680256325,1652352,32,51636,0
1680259325,1655392,32,51731,1
1680262325,1656128,32,51754,1
1680265325,1656288,32,51759,1
1680268325,1656448,32,51764,1
1680271325,1656608,32,51769,1
1680274325,1656768,32,51774,1
1680277325,1656928,32,51779,1
1680280325,1657088,32,51784,1
1680283325,1657248,32,51789,1
1680286325,1657408,32,51794,1
1680289325,1657568,32,51799,1
1680292325,1678976,32,52468,0
1680295325,1685696,32,52678,1
1680298325,1685696,32,52678,1
1680301325,1753952,32,54811,0
1680304325,1756480,32,54890,1
1680307325,1769120,32,55285,0
1680310325,1853728,32,57929,0
1680313325,1854208,32,57944,1
1680316325,1854688,32,57959,1
1680319325,1855168,32,57974,1
1680322325,1855648,32,57989,1
1680325325,1856128,32,58004,1
1680328325,1856608,32,58019,1
1680331325,1857088,32,58034,1
1680334325,1857568,32,58049,1
1680337325,1858048,32,58064,1
1680340325,1858528,32,58079,1
1680343325,1859808,32,58119,1
1680346325,1635072,32,51096,1
1680349325,1637632,32,51176,1
1680352325,1637856,32,51183,1
1680355325,1637856,32,51183,1
1680358325,1638368,32,51199,1
1680361325,1687968,32,52749,0
1680364325,1692032,32,52876,1
1680367325,1693408,32,52919,1
1680370325,1695776,32,52993,1
1680373325,1762144,32,55067,0
1680376325,1767424,32,55232,1
1680379325,1817024,32,56782,0
1680382325,1817120,32,56785,1
1680385325,1817600,32,56800,1
1680388325,1819232,32,56851,1
1680391325,1819808,32,56869,1
1680394325,1820512,32,56891,1
1680397325,1821632,32,56926,1
1680400325,1822752,32,56961,1
1680403325,1823872,32,56996,1
1680406325,1824992,32,57031,1
1680409325,1825952,32,57061,1
1680412325,1730944,32,54092,1
1680415325,1734016,32,54188,1
1680418325,1734016,32,54188,1
1680421325,1734304,32,54197,1
1680424325,1735744,32,54242,1
1680427325,1737184,32,54287,1
1680430325,1738208,32,54319,1
1680433325,1738592,32,54331,1
1680436325,1739072,32,54346,1
1680439325,1741088,32,54409,1
1680442325,1741728,32,54429,1
1680445325,1744768,32,54524,1
1680448325,1746208,32,54569,1
1680451325,1748448,32,54639,1
1680454325,1749088,32,54659,1
1680457325,1752544,32,54767,1
1680460325,1761664,32,55052,0
1680463325,1762464,32,55077,1
1680466325,1762848,32,55089,1
1680469325,1763104,32,55097,1
1680472325,1775104,32,55472,0
1680475325,1776928,32,55529,1
1680478325,1779968,32,55624,1
1680481325,1785568,32,55799,1
1680484325,1796736,32,56148,0
1680487325,1797376,32,56168,1
1680490325,1798016,32,56188,1
1680493325,1798656,32,56208,1
1680496325,1801024,32,56282,1
1680499325,1801952,32,56311,1
1680502325,1801952,32,56311,1
1680505325,1801952,32,56311,1
1680508325,1801952,32,56311,1
1680511325,1801952,32,56311,1
1680514325,1803968,32,56374,1
1680517325,1805408,32,56419,1
1680520325,1805408,32,56419,1
1680523325,1805408,32,56419,1
1680526325,1805408,32,56419,1
1680529325,1805408,32,56419,1
1680532325,1805408,32,56419,1
1680535325,1805408,32,56419,1
1680538325,1805408,32,56419,1
1680541325,1805408,32,56419,1
1680544325,1811488,32,56609,1
1680547325,1814176,32,56693,1
1680550325,1815296,32,56728,1
1680553325,1821152,32,56911,1
1680556325,1825184,32,57037,1
1680559325,1825184,32,57037,1
1680562325,1825184,32,57037,1
1680565325,1825184,32,57037,1
1680568325,1825184,32,57037,1
1680571325,1825184,32,57037,1
1680574325,1825184,32,57037,1
1680577325,1825184,32,57037,1
1680580325,1825184,32,57037,1
1680583325,1825184,32,57037,1
1680586325,1825184,32,57037,1
1680589325,1825184,32,57037,1
1680592325,1825184,32,57037,1
1680595325,1825184,32,57037,1
1680598325,1825184,32,57037,1
1680601325,1825184,32,57037,1
1680604325,1825184,32,57037,1
1680607325,1825184,32,57037,1
1680610325,1825184,32,57037,1
1680613325,1825184,32,57037,1
1680616325,1825184,32,57037,1
1680619325,1825184,32,57037,1
1680622325,1825184,32,57037,1
1680625325,1825184,32,57037,1
1680628325,1825184,32,57037,1
1680631325,1825184,32,57037,1
1680634325,1825184,32,57037,1
1680637325,1825184,32,57037,1
1680640325,1825184,32,57037,1
1680643325,1825184,32,57037,1
1680646325,1825184,32,57037,1
1680649325,1825184,32,57037,1
1680652325,1825184,32,57037,1
1680655325,1825184,32,57037,1
1680658325,1825184,32,57037,1
1680661325,1825184,32,57037,1
1680664325,1825184,32,57037,1
1680667325,1825184,32,57037,1
1680670325,1825184,32,57037,1
1680673325,1826208,32,57069,1
1680676325,1828864,32,57152,1
1680679325,1828864,32,57152,1
1680682325,1828960,32,57155,1
1680685325,1829056,32,57158,1
1680688325,1829152,32,57161,1
1680691325,1829152,32,57161,1
1680694325,1829152,32,57161,1
1680697325,1829248,32,57164,1
1680700325,1829312,32,57166,1
1680703325,1836768,32,57399,1
1680706325,1878784,32,58712,0
1680709325,1884768,32,58899,1
1680712325,1896960,32,59280,0
1680715325,1907584,32,59612,0
1680718325,1934528,32,60454,0
1680721325,1786112,32,55816,1
1680724325,1891776,32,59118,0
1680727325,1891776,32,59118,1
1680730325,1891776,32,59118,1
1680733325,1891776,32,59118,1
1680736325,1891936,32,59123,1
1680739325,1893216,32,59163,1
1680742325,1894688,32,59209,1
1680745325,1909248,32,59664,0
1680748325,1915360,32,59855,1
1680751325,1915360,32,59855,1
1680754325,1916576,32,59893,1
1680757325,1916896,32,59903,1
1680760325,1917632,32,59926,1
1680763325,1821600,32,56925,1
1680766325,1837184,32,57412,0
1680769325,1841984,32,57562,1
1680772325,1842240,32,57570,1
1680775325,1850880,32,57840,1
1680778325,1859680,32,58115,1
1680781325,1859680,32,58115,1
1680784325,1859680,32,58115,1
1680787325,1859680,32,58115,1
1680790325,1859680,32,58115,1
1680793325,1859680,32,58115,1
1680796325,1859680,32,58115,1
1680799325,1859680,32,58115,1
1680802325,1913984,32,59812,0
1680805325,1928448,32,60264,0
1680808325,1936832,32,60526,0
1680811325,1936832,32,60526,0
1680814325,1936832,32,60526,0
1680817325,1936832,32,60526,0
1680820325,1936832,32,60526,0
1680823325,1936832,32,60526,0
1680826325,1936832,32,60526,0
1680829325,1936832,32,60526,0
1680832325,1936832,32,60526,0
1680835325,1936832,32,60526,0
1680838325,1936832,32,60526,0
1680841325,1936832,32,60526,0
1680844325,1936832,32,60526,0
1680847325,1936832,32,60526,0
1680850325,1936832,32,60526,0
1680853325,1936832,32,60526,0
1680856325,1936832,32,60526,0
1680859325,1936832,32,60526,0
1680862325,1936832,32,60526,0
1680865325,1936832,32,60526,0
1680868325,1936832,32,60526,0
1680871325,1936832,32,60526,0
1680874325,1936832,32,60526,0
1680877325,1936832,32,60526,0
1680880325,1936832,32,60526,0
1680883325,1936832,32,60526,0
1680886325,1936832,32,60526,0
1680889325,1936832,32,60526,0
1680892325,1936832,32,60526,0
1680895325,1936832,32,60526,0
1680898325,1936832,32,60526,0
1680901325,1936832,32,60526,0
1680904325,1936832,32,60526,0
1680907325,1936832,32,60526,0
1680910325,1936832,32,60526,0
1680913325,1936832,32,60526,0
1680916325,1936832,32,60526,0
1680919325,1936832,32,60526,0
1680922325,1936832,32,60526,0
1680925325,1938496,32,60578,0
1680928325,1940576,32,60643,0
1680931325,1942656,32,60708,0
1680934325,1944736,32,60773,0
1680937325,1946816,32,60838,0
1680940325,1948896,32,60903,0
1680943325,1965664,32,61427,0
1680946325,1980800,32,61900,0
1680949325,1981280,32,61915,0
1680952325,1981760,32,61930,0
1680955325,1982240,32,61945,0
1680958325,1982720,32,61960,0
1680961325,1992544,32,62267,0
1680964325,1992544,32,62267,0
1680967325,1995392,32,62356,0
1680970325,1996672,32,62396,0
1680973325,1996832,32,62401,0
1680976325,2002592,32,62581,0
1680979325,2099744,32,65617,0
1680982325,2101984,32,65687,0
1680985325,2102688,32,65709,0
1680988325,2102688,32,65709,0
1680991325,2102688,32,65709,0
1680994325,2102688,32,65709,0
1680997325,2102688,32,65709,0
1681000325,2102688,32,65709,0
1681003325,2102688,32,65709,0
1681006325,2102688,32,65709,0
1681009325,2102688,32,65709,0
1681012325,2102688,32,65709,0
1681015325,2102688,32,65709,0
1681018325,2102688,32,65709,0
1681021325,2106624,32,65832,0
1681024325,2115488,32,66109,0
1681027325,2119872,32,66246,0
1681030325,2122272,32,66321,0
1681033325,2124672,32,66396,0
1681036325,2127072,32,66471,0
1681039325,2143936,32,66998,0
1681042325,2143936,32,66998,0
1681045325,2143936,32,66998,0
1681048325,2143936,32,66998,0
1681051325,2143936,32,66998,0
1681054325,2144864,32,67027,0
1681057325,2163360,32,67605,0
1681060325,2163840,32,67620,0
1681063325,2164320,32,67635,0
1681066325,2165312,32,67666,0
1681069325,2165312,32,67666,0
1681072325,2165312,32,67666,0
1681075325,2165312,32,67666,0
1681078325,2165856,32,67683,0
1681081325,2168896,32,67778,0
1681084325,2169376,32,67793,0
1681087325,2170080,32,67815,0
1681090325,2170080,32,67815,0
1681093325,2170080,32,67815,0
1681096325,2176224,32,68007,0
1681099325,2176224,32,68007,0
1681102325,2176224,32,68007,0
1681105325,2176224,32,68007,0
1681108325,2176224,32,68007,0
1681111325,2176224,32,68007,0
1681114325,2176224,32,68007,0
1681117325,2176224,32,68007,0
1681120325,2176224,32,68007,0
1681123325,2176224,32,68007,0
1681126325,2176224,32,68007,0
1681129325,2176224,32,68007,0
1681132325,2176224,32,68007,0
1681135325,1912704,32,59772,1
1681138325,1912704,32,59772,1
1681141325,1915008,32,59844,1
1681144325,1917088,32,59909,1
1681147325,1922912,32,60091,0
1681150325,1934624,32,60457,0
1681153325,1935296,32,60478,0
1681156325,1935776,32,60493,0
1681159325,1943168,32,60724,0
1681162325,1949856,32,60933,0
1681165325,1978944,32,61842,0
1681168325,1978944,32,61842,0
1681171325,1980672,32,61896,0
1681174325,1987776,32,62118,0
1681177325,1987776,32,62118,0
1681180325,1987776,32,62118,0
1681183325,1987776,32,62118,0
1681186325,1987776,32,62118,0
1681189325,2008992,32,62781,0
1681192325,2009152,32,62786,0
1681195325,2010912,32,62841,0
1681198325,2010912,32,62841,0
1681201325,2017056,32,63033,0
1681204325,2020896,32,63153,0
1681207325,2073984,32,64812,0
1681210325,2073984,32,64812,0
1681213325,2073984,32,64812,0
1681216325,2073984,32,64812,0
1681219325,2073984,32,64812,0
1681222325,2073984,32,64812,0
1681225325,2073984,32,64812,0
1681228325,2073984,32,64812,0
1681231325,2073984,32,64812,0
1681234325,2073984,32,64812,0
1681237325,2073984,32,64812,0
1681240325,2073984,32,64812,0
1681243325,2073984,32,64812,0
1681246325,2073984,32,64812,0
1681249325,2073984,32,64812,0
1681252325,2073984,32,64812,0
1681255325,2073984,32,64812,0
1681258325,2073984,32,64812,0
1681261325,2073984,32,64812,0
1681264325,2073984,32,64812,0
1681267325,2073984,32,64812,0
1681270325,2073984,32,64812,0
1681273325,2073984,32,64812,0
1681276325,2073984,32,64812,0
1681279325,2073984,32,64812,0
1681282325,2073984,32,64812,0
1681285325,2073984,32,64812,0
1681288325,2073984,32,64812,0
1681291325,2073984,32,64812,0
1681294325,2073984,32,64812,0
1681297325,2081248,32,65039,0
1681300325,2108512,32,65891,0
1681303325,2110400,32,65950,0
1681306325,2113120,32,66035,0
1681309325,2117664,32,66177,0
1681312325,2122976,32,66343,0
1681315325,2122976,32,66343,0
1681318325,2122976,32,66343,0
1681321325,2122976,32,66343,0
1681324325,2122976,32,66343,0
1681327325,2122976,32,66343,0
1681330325,2122976,32,66343,0
1681333325,2122976,32,66343,0
1681336325,2122976,32,66343,0
1681339325,2122976,32,66343,0
1681342325,2122976,32,66343,0
1681345325,2122976,32,66343,0
1681348325,2122976,32,66343,0
1681351325,2122976,32,66343,0
1681354325,2122976,32,66343,0
1681357325,2122976,32,66343,0
1681360325,2011584,32,62862,0
1681363325,2011584,32,62862,0
1681366325,2054208,32,64194,0
1681369325,2083584,32,65112,0
1681372325,2110176,32,65943,0
1681375325,2111296,32,65978,0
1681378325,2124864,32,66402,0
1681381325,2124864,32,66402,0
1681384325,2124864,32,66402,0
1681387325,2124864,32,66402,0
1681390325,2131008,32,66594,0
1681393325,2135392,32,66731,0
1681396325,2135648,32,66739,0
1681399325,2135648,32,66739,0
1681402325,2143264,32,66977,0
1681405325,2143424,32,66982,0
1681408325,2149248,32,67164,0
1681411325,2149248,32,67164,0
1681414325,2149248,32,67164,0
1681417325,2149248,32,67164,0
1681420325,2149248,32,67164,0
1681423325,2151200,32,67225,0
1681426325,2151808,32,67244,0
1681429325,2159648,32,67489,0
1681432325,2160288,32,67509,0
1681435325,2160288,32,67509,0
1681438325,2169952,32,67811,0
1681441325,2172832,32,67901,0
1681444325,2172832,32,67901,0
1681447325,2172832,32,67901,0
1681450325,2172832,32,67901,0
1681453325,2172832,32,67901,0
1681456325,2172832,32,67901,0
1681459325,2172832,32,67901,0
1681462325,2172832,32,67901,0
1681465325,2172832,32,67901,0
1681468325,2172832,32,67901,0
1681471325,2172832,32,67901,0
1681474325,2172832,32,67901,0
1681477325,2181824,32,68182,0
1681480325,2124864,32,66402,0
1681483325,2124864,32,66402,0
1681486325,2073984,32,64812,0
1681489325,2038048,32,63689,0
1681492325,2027616,32,63363,0
1681495325,2027616,32,63363,0
1681498325,1967520,32,61485,0
1681501325,1927168,32,60224,0
1681504325,1925056,32,60158,0
1681507325,1898688,32,59334,1
1681510325,1893248,32,59164,1
1681513325,1886208,32,58944,1
1681516325,1874464,32,58577,1
1681519325,1874464,32,58577,1
1681522325,1870752,32,58461,1
1681525325,1863168,32,58224,1
1681528325,1855712,32,57991,1
1681531325,1848320,32,57760,1
1681534325,1846336,32,57698,1
1681537325,1845536,32,57673,1
1681540325,1796864,32,56152,1
1681543325,1796480,32,56140,1
1681546325,1785472,32,55796,1
1681549325,1773824,32,55432,1
1681552325,1771904,32,55372,1
1681555325,1681408,32,52544,1
1681558325,1672064,32,52252,1
1681561325,1686144,32,52692,0
1681564325,1700224,32,53132,0
1681567325,1714304,32,53572,0
1681570325,1764544,32,55142,0
1681573325,1764544,32,55142,1
1681576325,1879200,32,58725,0
1681579325,1879200,32,58725,1
1681582325,1749408,32,54669,1
1681585325,1663872,32,51996,1
1681588325,1658336,32,51823,1
1681591325,1653920,32,51685,1
1681594325,1646560,32,51455,1
1681597325,1639200,32,51225,1
1681600325,1631840,32,50995,1
1681603325,1585792,32,49556,1
1681606325,1585792,32,49556,1
1681609325,1585792,32,49556,1
1681612325,1585792,32,49556,1
1681615325,1585792,32,49556,1
1681618325,1663904,32,51997,0
1681621325,1663904,32,51997,1
1681624325,1663904,32,51997,1
1681627325,1663904,32,51997,1
1681630325,1663904,32,51997,1
1681633325,1663904,32,51997,1
1681636325,1663904,32,51997,1
1681639325,1663904,32,51997,1
1681642325,1663904,32,51997,1
1681645325,1663904,32,51997,1
1681648325,1663904,32,51997,1
1681651325,1663904,32,51997,1
1681654325,1663904,32,51997,1
1681657325,1663904,32,51997,1
1681660325,1663904,32,51997,1
1681663325,1663904,32,51997,1
1681666325,1663904,32,51997,1
1681669325,1663904,32,51997,1
1681672325,1686016,32,52688,0
1681675325,1686016,32,52688,1
1681678325,1686016,32,52688,1
1681681325,1686016,32,52688,1
1681684325,1655328,32,51729,1
1681687325,1642208,32,51319,1
1681690325,1629088,32,50909,1
1681693325,1615968,32,50499,1
1681696325,1602848,32,50089,1
1681699325,1590432,32,49701,1
1681702325,1579072,32,49346,1
1681705325,1567712,32,48991,1
1681708325,1556352,32,48636,1
1681711325,1539648,32,48114,1
1681714325,1539648,32,48114,1
1681717325,1539648,32,48114,1
1681720325,1539648,32,48114,1
1681723325,1539648,32,48114,1
1681726325,1539648,32,48114,1
1681729325,1539648,32,48114,1
1681732325,1539648,32,48114,1
1681735325,1539648,32,48114,1
1681738325,1539648,32,48114,1
1681741325,1539648,32,48114,1
1681744325,1539648,32,48114,1
1681747325,1539648,32,48114,1
1681750325,1539648,32,48114,1
1681753325,1539648,32,48114,1
1681756325,1539648,32,48114,1
1681759325,1539648,32,48114,1
1681762325,1535648,32,47989,1
1681765325,1535648,32,47989,1
1681768325,1502016,32,46938,1
1681771325,1493280,32,46665,1
1681774325,1449600,32,45300,1
1681777325,1405920,32,43935,1
1681780325,1397664,32,43677,1
1681783325,1397664,32,43677,1
1681786325,1397664,32,43677,1
1681789325,1397664,32,43677,1
1681792325,1397664,32,43677,1
1681795325,1397664,32,43677,1
1681798325,1397664,32,43677,1
1681801325,1397664,32,43677,1
1681804325,1397664,32,43677,1
1681807325,1397664,32,43677,1
1681810325,1397664,32,43677,1
1681813325,1397664,32,43677,1
1681816325,1397664,32,43677,1
1681819325,1397664,32,43677,1
1681822325,1397664,32,43677,1
1681825325,1397664,32,43677,1
1681828325,1397664,32,43677,1
1681831325,1397664,32,43677,1
1681834325,1397664,32,43677,1
